{
  "grades": {
    "1": [
      "1",
      "2",
      "3",
      "4",
      "5"
    ],
    "2": [
      "1",
      "2",
      "3",
      "4",
      "5",
      "6"
    ],
    "3": [
      "1",
      "2",
      "3",
      "4",
      "5",
      "6"
    ],
    "4": [
      "1",
      "2",
      "3",
      "4"
    ],
    "5": [
      "1",
      "2",
      "3",
      "4",
      "5",
      "6"
    ],
    "6": [
      "1",
      "2",
      "3",
      "4",
      "5",
      "6"
    ]
  },
  "score_rules": {
    "1": 7,
    "2": 5,
    "3": 4,
    "4": 3,
    "5": 2,
    "6": 1
  },
  "scores": {
    "1": {},
    "2": {},
    "3": {},
    "4": {},
    "5": {},
    "6": {}
  }
}